id,STUSPS,NAME,is_pct_1985,is_pct_1986,is_pct_1987,is_pct_1988,is_pct_1989,is_pct_1990,is_pct_1991,is_pct_1992,is_pct_1993,is_pct_1994,is_pct_1995,is_pct_1996,is_pct_1997,is_pct_1998,is_pct_1999,is_pct_2000,is_pct_2001,is_pct_2002,is_pct_2003,is_pct_2004,is_pct_2005,is_pct_2006,is_pct_2007,is_pct_2008,is_pct_2009,is_pct_2010,is_pct_2011,is_pct_2012,is_pct_2013,is_pct_2014,is_pct_2015,is_pct_2016,is_pct_2017,is_pct_2018,is_pct_2019,is_pct_2020,is_pct_2021,is_pct_2022,total_area (km2),is_area_1985,is_area_1986,is_area_1987,is_area_1988,is_area_1989,is_area_1990,is_area_1991,is_area_1992,is_area_1993,is_area_1994,is_area_1995,is_area_1996,is_area_1997,is_area_1998,is_area_1999,is_area_2000,is_area_2001,is_area_2002,is_area_2003,is_area_2004,is_area_2005,is_area_2006,is_area_2007,is_area_2008,is_area_2009,is_area_2010,is_area_2011,is_area_2012,is_area_2013,is_area_2014,is_area_2015,is_area_2016,is_area_2017,is_area_2018,is_area_2019,is_area_2020,is_area_2021,is_area_2022
1,WV,West Virginia,1.2095635621962657,1.2123609922091014,1.2167961650455599,1.2220552359482921,1.2259601505191164,1.2307191087416087,1.2360871311249497,1.2423464417295442,1.2479018055886244,1.2531368977003106,1.258378816309926,1.2631432529404207,1.2682968573184203,1.2754243521775366,1.2828794902545004,1.2892962118701727,1.296612138150076,1.301684900156588,1.3065905276948868,1.313407087046425,1.3220085174616223,1.3281514764323907,1.3352565270283567,1.34265135959315,1.3474825123336605,1.3526715686084698,1.3573618889757308,1.3635471980481495,1.3692228430797797,1.3738433065743219,1.3781551722065848,1.3819317027239133,1.385599984488361,1.3887751665084669,1.3925653069975075,1.3955409717083822,1.3969002479137376,1.3972671865188253,62755.4574,759.067146,760.822686,763.605999,766.906353,769.3569,772.343406,775.712133,779.640192,783.126486,786.411792,789.701382,792.691326,795.925494,800.398386,805.076892,809.103735,813.694878,816.878313,819.956862,824.234625,829.632492,833.487534,837.946341,842.587002,845.618814,848.87523,851.818662,855.700281,859.262058,862.161651,864.867582,867.237561,869.539608,871.532208,873.910728,875.77812,876.63114,876.861414
2,FL,Florida,2.8098769780200326,2.8515238648175654,2.9107605890218555,2.973666583082806,3.032113089435853,3.081436038955778,3.1126067069983945,3.1438358338408774,3.1709898683555906,3.2018208336190725,3.2333205640419833,3.271700077917271,3.3171407838046454,3.3691099156662565,3.4240893197406255,3.47652850658184,3.526611454635125,3.5710225775853193,3.6213005004630157,3.6855096361660933,3.756635021363039,3.8289865101540395,3.879128536315464,3.906919122206497,3.9219822501274835,3.931745962028376,3.940874278269963,3.9492666368426654,3.9585197802746905,3.9691498849444695,3.98694012953325,4.008813610109775,4.034581954553588,4.061462167035429,4.091436799632136,4.1155251509111626,4.128491998349363,4.129466067858309,184560.7509,5185.93005,5262.793857,5372.1216,5488.221375,5596.090686,5687.121492,5744.650311,5802.287022,5852.402712,5909.304573,5967.440712,6038.274231,6122.139939,6218.054559,6319.52496,6416.307117,6508.740582,6590.706084,6683.499396,6802.004259,6933.273804,7066.806255,7159.348755,7210.639269,7238.439891,7256.459871,7273.30716,7288.79616,7305.873831,7325.492832,7358.326641,7398.696501,7446.254751,7495.865073,7551.18648,7595.644122,7619.575833,7621.373583
3,IL,Illinois,2.6208172405004673,2.630186880747995,2.6450391965378754,2.6648700391767375,2.6869227733868724,2.6992663581076495,2.7110577265434412,2.7229830734155267,2.729226520148535,2.7399846543718755,2.750629540845356,2.763100197773748,2.7764952633111584,2.791639470766156,2.8083873513219766,2.821223300345921,2.834863984016239,2.847139766491948,2.8622076634201505,2.877472546870972,2.8925501761214316,2.9084157394619647,2.9225281407517967,2.9332928391924913,2.9400861621330003,2.9451995254466863,2.9505126713755745,2.9564594922867085,2.9608225427560355,2.9654746827976965,2.971062793831229,2.977897308135667,2.984841170060823,2.9905076616896937,2.9963201981544016,3.0034961477644444,3.0077817356688317,3.009900471824423,149995.0332,3931.09569,3945.149685,3967.427421,3997.1727,4030.250706,4048.76547,4066.451937,4084.339365,4093.704225,4109.840892,4125.807693,4144.513059,4164.604992,4187.320551,4212.44154,4231.694826,4252.155174,4270.568238,4293.169335,4316.065902,4338.681597,4362.479154,4383.647055,4399.793568,4409.983215,4417.653006,4425.622461,4434.542397,4441.086756,4448.064735,4456.446624,4466.698056,4477.113504,4485.61296,4494.331476,4505.095044,4511.523213,4514.701212
4,MN,Minnesota,1.2197218761445485,1.2219049452382824,1.2298274210398878,1.2387569457683176,1.2456952021656136,1.2514675062474034,1.25578358095465,1.259593665194389,1.2629696567748354,1.2671535944295838,1.272278222719434,1.2786811723768756,1.284739105279838,1.2907837609289845,1.2960584957274301,1.301942513391821,1.30792270921269,1.3135519650731327,1.3192140063980695,1.3244977698889806,1.3290554410557835,1.3339292443553545,1.3386751831443688,1.342399237014336,1.3446161187412067,1.3462914307972387,1.3482122361588447,1.3506253390705671,1.3524278721579672,1.354329972658689,1.3565876133965205,1.3588968004144422,1.3612792401439633,1.3634481606890794,1.366024651359978,1.3684701200758544,1.3703546667840543,1.3712578237976687,225182.1078,2746.59543,2751.511311,2769.351309,2789.459001,2805.082713,2818.080909,2827.799937,2836.379565,2843.981694,2853.403173,2864.942919,2879.361216,2893.002597,2906.61408,2918.491839,2931.741594,2945.207925,2957.884002,2970.633906,2982.531996,2992.795056,3003.769989,3014.456994,3022.842897,3027.834918,3031.607421,3035.932731,3041.366607,3045.425589,3049.708779,3054.792582,3059.992458,3065.357286,3070.241307,3076.043103,3081.549861,3085.793523,3087.827271
5,MD,Maryland,3.849802075607474,3.8760552954168928,3.928062508944012,3.9967935584568597,4.0654855617276695,4.113376785955924,4.151300098408295,4.178566671836419,4.211603770051918,4.242357111271622,4.276378740592874,4.311253981267159,4.351326713716174,4.386355478388031,4.4274526004811205,4.464018341762121,4.5040700385384165,4.537647621894791,4.5736652872662,4.609292742309172,4.647573325075174,4.68898200480829,4.721179496779091,4.747380169422036,4.764692752151962,4.778640523573693,4.79579501664073,4.807484660414916,4.82331544666254,4.841802329716159,4.8574360080690715,4.873788008428499,4.891647350587832,4.907772104059411,4.923452643504813,4.936227375062599,4.943494541747113,4.945696144777415,32131.1331,1236.985029,1245.420486,1262.130993,1284.215058,1306.286577,1321.67457,1333.85976,1342.620819,1353.236013,1363.11741,1374.048945,1385.254755,1398.130578,1409.385717,1422.590688,1434.339675,1447.208739,1457.997597,1469.570481,1481.017986,1493.317971,1506.623049,1516.968468,1525.387041,1530.94977,1535.431347,1540.94328,1544.699295,1549.785906,1555.725951,1560.749229,1566.003312,1571.741721,1576.922787,1581.961122,1586.065788,1588.400811,1589.108211
6,RI,Rhode Island,6.261902539491823,6.279209598998841,6.331294968316799,6.402262279278649,6.438193523370312,6.464226086678796,6.482922245311397,6.50996087085899,6.537942806272628,6.557346334845314,6.579929092067626,6.589152566313401,6.600861619321613,6.610559672446108,6.63787022494364,6.661462868026362,6.697202256296436,6.72515675160429,6.76058215309015,6.778027087882786,6.798378424699514,6.836864072736973,6.862723448492559,6.883560160295202,6.893972555845676,6.907588246368065,6.917952509273968,6.931077201837947,6.941131751418732,6.952941118256284,6.965418944064243,6.982634461579017,7.000358070888589,7.016499600656494,7.029129246721863,7.040753280385924,7.04914275535099,7.052918693841968,4001.4423,250.566417,251.258949,253.343115,256.182831,257.620599,258.662277,259.410393,260.492328,261.612009,262.38843,263.292066,263.661138,264.129669,264.517731,265.610547,266.554593,267.984684,269.103267,270.520794,271.218843,272.03319,273.573171,274.607919,275.441688,275.858334,276.403158,276.817878,277.343055,277.745382,278.217927,278.71722,279.406089,280.115289,280.761183,281.266551,281.73168,282.06738,282.218472
7,ID,Idaho,0.38839306547820907,0.3918642541791262,0.397005795575474,0.40119047183925044,0.4051391138579026,0.4079099506484927,0.4104755361112415,0.41344209786691516,0.4169009659162167,0.42075176208499887,0.42439998062792716,0.4277852948444826,0.43140461827837395,0.434989021417879,0.43855532405232744,0.44178717692277336,0.4451197738861456,0.4483637394998099,0.4512280726966015,0.4545111292470992,0.4577334515966194,0.4621631104829339,0.4657453347424366,0.4683456575401824,0.46972500916844845,0.4705739365775517,0.4712151468652235,0.47229238264341283,0.47320200267181417,0.4741514163674314,0.47532083041258416,0.4769762261779234,0.4785844849514592,0.48071367484674354,0.48278584378502354,0.48492085927359624,0.48549738094257655,0.4855723402360876,216441.4743,840.643677,848.156769,859.285197,868.342572,876.889071,882.886311,888.439302,894.860172,902.346597,910.681317,918.577575,925.904799,933.738516,941.496651,949.215609,956.210679,963.423801,970.445088,976.644693,983.750589,990.725031,1000.31265,1008.066069,1013.694246,1016.679735,1018.517166,1019.905011,1022.236596,1024.205391,1026.260316,1028.791413,1032.374376,1035.855315,1040.463765,1044.948798,1049.569857,1050.817689,1050.979932
8,NH,New Hampshire,1.8508335595464875,1.8625254471215726,1.8852232612335273,1.9133497078951414,1.931553523915314,1.944366839044559,1.955115321136951,1.9639322080058943,1.9749797597452774,1.9826800505567819,1.9934572986373393,2.003053468761921,2.0145533229250505,2.027288553634222,2.044614895519255,2.059819987351885,2.0786707407829166,2.097459056410177,2.1139400721959407,2.132189675938879,2.149933756463428,2.1686189010530286,2.1829674428478536,2.194841552180016,2.20230034248622,2.209924630137776,2.2160253610466003,2.222166750858594,2.2284264380095182,2.234240066517074,2.2415164492394033,2.2494717315816657,2.256702252250511,2.262111893301524,2.2668430807169173,2.2704323996304874,2.2740361015381403,2.2750192739553783,24216.0984,448.199676,451.030995,456.52752,463.338648,467.746902,470.849787,473.45265,475.587756,478.263042,480.127752,482.737581,485.061399,487.846215,490.930191,495.125955,498.808035,503.372952,507.922749,511.913808,516.33315,520.630074,525.154887,528.629544,531.50499,533.311218,535.157523,536.634882,538.122087,539.637939,541.045773,542.807829,544.734288,546.485238,547.795242,548.940951,549.810144,550.68282,550.920906
9,NC,North Carolina,2.3296833636217364,2.363707750002672,2.4024352347449986,2.4394282451905345,2.468940617993207,2.4991866610434994,2.524268887914525,2.554039934582087,2.581143169284075,2.60896032577085,2.639054716384014,2.675986763621846,2.7154449737788786,2.7567005846623482,2.808012567461941,2.848580908590094,2.8926789225747567,2.930473043816434,2.962937107894448,3.000784759223906,3.0415742211393217,3.0820597194678547,3.1227352047251395,3.15617001747429,3.172906936595907,3.186724622183911,3.2006185182395104,3.213527516218458,3.2283927163303487,3.2460014609858563,3.2647546348747842,3.2851683910030323,3.3094972637432725,3.331591034133294,3.3539083018424036,3.3720889253003414,3.3816693192227625,3.3832637266750747,139362.7455,3246.710697,3294.128016,3348.099702,3399.654177,3440.78343,3482.935146,3517.890426,3559.380174,3597.151986,3635.918739,3677.859108,3729.328623,3784.318668,3841.81362,3913.323408,3969.860562,4031.316765,4083.98769,4129.230501,4181.976027,4238.821341,4295.243043,4351.929516,4398.525189,4421.850219,4441.106925,4460.46984,4478.460174,4499.176725,4523.716755,4549.851693,4578.300864,4612.206249,4642.996734,4674.098691,4699.435707,4712.787207,4715.009217
10,VT,Vermont,1.3476880217284346,1.351498788266952,1.3567004330927408,1.3637342599205518,1.3714384809755853,1.375391602385317,1.380301381778273,1.3844684149632571,1.388390383821837,1.3911581542742275,1.3950823999433906,1.3994029552134013,1.403610718009926,1.40724060459657,1.4116454741378532,1.4155181482403183,1.421355167778172,1.4259259192333613,1.4297732954404592,1.4334667881640255,1.4381949648080978,1.4427396232912084,1.4467001895101481,1.4497184091266713,1.4522636665193849,1.4551759602340215,1.4569886267167604,1.4594795297742857,1.462399521277084,1.4647629590818108,1.467108579940229,1.46989980515561,1.471779908599427,1.474147177228309,1.475807731080192,1.47814160648719,1.4790763275811463,1.4795601678999633,24903.2574,335.618217,336.567222,337.862601,339.614253,341.532855,342.517311,343.740006,344.777733,345.754431,346.443696,347.420961,348.49692,349.54479,350.44875,351.545706,352.510128,353.963736,355.102002,356.060124,356.979924,358.157394,359.289162,360.275472,361.027107,361.660959,362.386215,362.837628,363.457944,364.185117,364.77369,365.357826,366.052932,366.521139,367.110666,367.524198,368.105409,368.338185,368.458677
11,CT,Connecticut,6.058281869027469,6.077945136889496,6.114688595295865,6.163584595985872,6.204152869234822,6.228273354255869,6.2535735212667465,6.274403433188002,6.2956289334747115,6.3169020096716375,6.340800849872491,6.359385479706837,6.381240749650923,6.401223070718487,6.43205056811529,6.455851247742494,6.485025121835701,6.507801070263665,6.540170929777454,6.573510171967797,6.611953450576088,6.647641024650966,6.677193437508071,6.701167621904025,6.715251595704805,6.726081790950323,6.736482549356716,6.749021591063803,6.7630638810960795,6.777099526798339,6.792144421157252,6.807125066098547,6.821984671405286,6.833049549401597,6.8496366178304235,6.859368555470001,6.866922030416991,6.870200192409769,14358.1068,869.854581,872.677854,877.953519,884.974059,890.798895,894.26214,897.894765,900.885546,903.933126,906.987537,910.418958,913.087359,916.225362,919.094445,923.52069,926.938017,931.126833,934.397028,939.044727,943.831611,949.351338,954.475398,958.718565,962.160804,964.182996,965.738007,967.231359,969.031728,971.047935,973.063188,975.22335,977.374287,979.507845,981.096552,983.478141,984.875463,985.959999,986.430681
12,DE,Delaware,3.746362802683232,3.7891252128563266,3.8697717208397306,3.954772952320741,4.026198571705426,4.078635088998937,4.136959258363598,4.179102158191415,4.216158845971046,4.243507637695494,4.283880388287917,4.309037925705671,4.333258867361397,4.363832687247944,4.409708985120023,4.438067814671323,4.471183902839778,4.502014630329507,4.526449615113315,4.555089926038535,4.599271750719202,4.64991047328524,4.692464844149235,4.720961203042457,4.734616679893684,4.745275413328032,4.75350162270661,4.7660420647105575,4.779923313080451,4.797968419353631,4.814337063892363,4.831796867626123,4.861281203802008,4.884833068699885,4.903669841337215,4.923179879443315,4.9358299260497045,4.938627007579333,6445.8972,241.486695,244.243116,249.441507,254.920599,259.524621,262.904625,266.664141,269.380629,271.769265,273.53214,276.134526,277.756155,279.317412,281.288169,284.245308,286.073289,288.207918,290.195235,291.770289,293.616414,296.464329,299.728449,302.47146,304.308306,305.188524,305.875575,306.405828,307.214172,308.108943,309.272112,310.327218,311.452659,313.353189,314.871318,316.085517,317.343114,318.158523,318.33882
13,NM,New Mexico,0.11911248304889624,0.12043622079677455,0.12285790258072303,0.12476337871252813,0.12594598288755215,0.12667890866450737,0.12735690423180723,0.12866759887699228,0.12962897614084437,0.13081528691187916,0.13217829114332572,0.13391831363130374,0.13558046045136074,0.1371228130604851,0.13862107803918683,0.1401306314174587,0.14133846730888913,0.14260843226529585,0.1438386363348113,0.14533712422368172,0.14671309439660934,0.14893490577824367,0.15065673536706625,0.15180865224219536,0.1526265668077122,0.15342695720457983,0.1537272457800833,0.15411688703937462,0.1546065063671632,0.15516671391504896,0.1559466794532512,0.1566537305036979,0.15722778134462626,0.15783950114624695,0.15832344483820093,0.1584210051887143,0.15809323007471301,0.15733921928205424,314925.0678,375.115068,379.28385,386.910333,392.911155,396.635472,398.943639,401.078817,405.206523,408.234141,411.970131,416.262573,421.74234,426.976857,431.834112,436.552524,441.306486,445.110264,449.109702,452.983923,457.703037,462.036312,469.033353,474.455826,478.083501,480.659319,483.179949,484.125633,485.352711,486.894645,488.658879,491.115186,493.341867,495.149697,497.076156,498.600216,498.907458,497.875212,495.500643
14,CA,California,1.9028916316109732,1.9269025076820692,1.9615021698706658,1.9996876679121174,2.032084731975632,2.0603138690918104,2.0831485839214547,2.0996806401164103,2.1121924664322664,2.123604514683474,2.135317820289826,2.1480254721655094,2.1619783213921657,2.1811349831052267,2.203135923614751,2.2220430419010233,2.2416836271906924,2.2617708127004432,2.282650156839189,2.3065414928777095,2.329620889884771,2.3502546093156536,2.3656136842480042,2.375312148464271,2.381833085686997,2.3861309311158925,2.3903961424895113,2.3960811634704515,2.4009669292474407,2.4077748033064204,2.4142773420801067,2.4203286762451137,2.4259833897774628,2.4332051153691654,2.4385231948124075,2.4429313120578287,2.4416632604663615,2.437928099345154,423965.0844,8067.596112,8169.393843,8316.08433,8477.977509,8615.329749,8735.011434,8831.822652,8901.912798,8954.958573,9003.341673,9053.001999,9106.878006,9166.033215,9247.250772,9340.527078,9420.686658,9503.955882,9589.118535,9677.639664,9778.930587,9876.779172,9964.258938,10029.376053,10070.494155,10098.140652,10116.362016,10134.445023,10158.547527,10179.261468,10208.124477,10235.692971,10261.348515,10285.322526,10315.940121,10338.486921,10357.175799,10351.799703,10335.963924
15,NJ,New Jersey,8.007435397901515,8.0631526578114,8.157114618283535,8.259809610260357,8.346965082142011,8.401308944405612,8.434994729995045,8.471973401839014,8.505512441922537,8.534878919812789,8.574463380539793,8.605059579392787,8.6414269577632,8.691862017137739,8.75811012034646,8.80703205101993,8.866764765359834,8.921528817158688,8.976359466388384,9.027009861441474,9.08354334839129,9.131875666621948,9.168744777521935,9.200370187658088,9.219833416350957,9.233593896279702,9.247931713361789,9.261223380855444,9.279662698958331,9.299381556568878,9.320705328567652,9.3407041265458,9.361715914888881,9.380817779784337,9.397166632032814,9.415714116160427,9.429884861770276,9.433441985587057,22581.9522,1808.235234,1820.817279,1842.035724,1865.226258,1884.907665,1897.17957,1904.786478,1913.136984,1920.710754,1927.342278,1936.281222,1943.190441,1951.402905,1962.792126,1977.752241,1988.799768,2002.288581,2014.655373,2027.037204,2038.475052,2051.241417,2062.155798,2070.481563,2077.623198,2082.018375,2085.12576,2088.363519,2091.365037,2095.528995,2099.981898,2104.797222,2109.313341,2114.058213,2118.371787,2122.063677,2126.252061,2129.452092,2130.25536
16,WI,Wisconsin,1.6637668160059835,1.6669472737578004,1.6739157309369856,1.6847775173332973,1.6947343949364368,1.701842476559135,1.7083165633590625,1.716526323595238,1.7221786703817372,1.729422588331799,1.735919244664071,1.7435464998074717,1.752122635602077,1.762399693907482,1.7719221000547691,1.7804961295719082,1.7886660721446508,1.795999345069734,1.8067482944152946,1.8149422920561258,1.8238975843220464,1.8317825905280576,1.8386795509940626,1.84440491716788,1.8496302838430654,1.8530958318206736,1.8564041835891072,1.860393770216981,1.8634205758234716,1.8667282962392142,1.870485996042883,1.8750273530900783,1.8790883727653147,1.8837013963012037,1.8875959139469254,1.8925456447702358,1.8951828739332612,1.8965432798185529,169635.7701,2822.343651,2827.738845,2839.559841,2857.985316,2874.875742,2886.933591,2897.915958,2911.842648,2921.43105,2933.719326,2944.739979,2957.678532,2972.226726,2989.660293,3005.8137,3020.358321,3034.217466,3046.65732,3064.891383,3078.791334,3093.982713,3107.358504,3119.058216,3128.770485,3137.634576,3143.513385,3149.125533,3155.893299,3161.027844,3166.638921,3173.013324,3180.71709,3187.606032,3195.43137,3202.037865,3210.434379,3214.908063,3217.215798
17,OR,Oregon,0.5725098895732768,0.5762940862814269,0.5811962914966922,0.5854298285821191,0.5894933190178888,0.5932321164990014,0.5970748309846613,0.6008107285384885,0.6034347741908747,0.6075649523576385,0.6115940004170879,0.6154346061858303,0.6190942437760893,0.6239061167862461,0.6281233422222169,0.6310445085608203,0.6340221828613117,0.6371831389241743,0.6397216667452519,0.6424462914834466,0.6458255015133718,0.6496493223193129,0.65294107887828,0.6552546662982499,0.6565884633044067,0.6573570959191427,0.6581137579448779,0.6589130075750939,0.659704129638095,0.6607332364767039,0.6622674145728664,0.6639975232007163,0.6656928574264668,0.6676105323621164,0.6699174298158521,0.6712396271128677,0.670704733582391,0.6702348853149579,254799.4923,1458.752292,1468.394406,1480.8852,1491.672231,1502.025984,1511.552421,1521.343638,1530.862686,1537.548741,1548.072414,1558.338408,1568.124252,1577.44899,1589.709618,1600.455087,1607.898204,1615.485303,1623.539403,1630.007559,1636.949889,1645.560099,1655.303175,1663.690554,1669.585563,1672.984071,1674.942543,1676.870514,1678.906998,1680.922773,1683.544932,1687.45401,1691.862318,1696.182021,1701.068247,1706.94621,1710.315162,1708.952256,1707.755085
18,NE,Nebraska,0.49338953180401107,0.4965459718008161,0.4991125591350386,0.5021940219730562,0.5043839444400069,0.5061245924860684,0.5079008399692582,0.509281391891628,0.5105684660895751,0.5127802001753115,0.5148953476508992,0.5171669861907833,0.5199139922271296,0.5217382522273043,0.5245901022899329,0.527969654256281,0.530290307165053,0.5326936510430049,0.5345761262761812,0.5366637071003028,0.5391113481072405,0.5421929007974468,0.5444731876104847,0.546586421234455,0.5482206528409336,0.5494756812558124,0.5509781131794251,0.5529376097086799,0.5541479860784276,0.5554824483206489,0.5567907231424991,0.5581898744679116,0.5596110305943153,0.5611279916168267,0.5629956771797575,0.565327894065204,0.5667702508155108,0.5673733431980852,200329.0101,988.402365,994.72563,999.867249,1006.040313,1010.427363,1013.914386,1017.472725,1020.238371,1022.816754,1027.247499,1031.484753,1036.035504,1041.538554,1045.193076,1050.906159,1057.676382,1062.325323,1067.139918,1070.911062,1075.093092,1079.996427,1086.169671,1090.737747,1094.971167,1098.245007,1100.759193,1103.769,1107.69444,1110.119175,1112.79249,1115.413344,1118.21625,1121.063238,1124.102151,1127.843667,1132.515774,1135.405233,1136.613402
19,PA,Pennsylvania,3.232847062543979,3.24160949814361,3.2599194416570048,3.2835489352109657,3.305085131467696,3.3212862268415626,3.3370117048722667,3.3511770433289927,3.3623815723378927,3.3740617865975646,3.3889056427857285,3.401125488627309,3.4147501844332915,3.4305216057336474,3.452907612891079,3.4694782086522227,3.487259415982195,3.50299515560704,3.5158411322329095,3.5304165647360892,3.5489588277227293,3.5667235787756253,3.5835725655495922,3.5971456591185653,3.6067740902655387,3.615833848010127,3.6258738068086194,3.636362846166012,3.646440659683481,3.65603121347561,3.6657711941871334,3.6737327349999003,3.681932382523195,3.689449045503485,3.6979984775717845,3.7052762038596665,3.710511254199652,3.7126349514695254,119279.7126,3856.130685,3866.582493,3888.422541,3916.607733,3942.296046,3961.620666,3980.377971,3997.274346,4010.639076,4024.571202,4042.276911,4056.852708,4073.104206,4091.916312,4118.618277,4138.383636,4159.593009,4178.362554,4193.685198,4211.070732,4233.18789,4254.377634,4274.475057,4290.665004,4302.149769,4312.956222,4324.931856,4337.443152,4349.463939,4360.903524,4372.521345,4382.017848,4391.798364,4400.764218,4410.961956,4419.642807,4425.88716,4428.4203
20,WA,Washington,1.2453102186284113,1.2523731259983972,1.2639619734110545,1.2748475624525542,1.2854593515696493,1.2958188577909315,1.307145567849834,1.3185600128008532,1.3257924490133175,1.3347818395537903,1.3447964007581714,1.3536087229673262,1.3626671483231994,1.3754411283278316,1.386527812643108,1.3951330547741576,1.4046867909188725,1.4134168854255609,1.4218358480850801,1.4303604123245564,1.4412449584115556,1.4541623690280645,1.4648055734942647,1.4729871177964082,1.4774858289288326,1.4799084319089415,1.4829496433690192,1.4864204448635672,1.4896985970663423,1.4932523524326116,1.4984304704440243,1.5028804843738026,1.5079738209063096,1.5140079023980175,1.5199331852155995,1.524262070214777,1.5261584977759046,1.526506483931161,184667.6916,2299.685634,2312.728542,2334.129399,2354.231565,2373.828111,2392.958772,2413.875546,2434.954338,2448.310311,2464.910811,2483.40447,2499.677982,2516.405967,2539.995381,2560.468905,2576.360007,2594.002671,2610.124335,2625.671439,2641.413555,2661.513795,2685.368079,2705.022639,2720.131308,2728.438974,2732.912739,2738.528874,2744.938323,2750.992011,2757.554649,2767.11696,2775.334698,2784.740445,2795.883444,2806.825527,2814.819579,2818.321668,2818.964286
21,LA,Louisiana,1.2670571143602256,1.2745133884485724,1.2833578548530864,1.2919411022020348,1.299346044078838,1.3070764084248172,1.3128333056657777,1.3206792189061929,1.3280991152620987,1.337841825704909,1.3486736786896674,1.361294655300351,1.3734300094186014,1.3907741996860712,1.4054264974646749,1.4213330806154634,1.4332659256096403,1.446838090687743,1.459937763226449,1.4761128967102686,1.4933571958342713,1.517702928582616,1.5359563763911819,1.5548411964689939,1.5701756414186072,1.5847867513505955,1.5987819941675803,1.607543248914193,1.6142272376092175,1.6225946667457691,1.6318012120067906,1.6404267153794339,1.6504383808683298,1.6598188399539864,1.667368463430523,1.6728583363057072,1.6754137874180188,1.675951252989295,135651.6657,1718.784081,1728.898641,1740.896307,1752.539625,1762.584552,1773.07092,1780.880247,1791.523359,1801.588572,1814.804721,1829.49831,1846.618875,1863.080685,1886.608368,1906.484454,1928.061999,1944.249102,1962.65997,1980.429894,2002.371732,2025.763911,2058.789303,2083.550409,2109.167982,2129.969412,2149.789626,2168.774406,2180.659194,2189.726136,2201.076693,2213.565525,2225.266164,2238.847155,2251.571904,2261.813094,2269.260198,2272.72671,2273.455791
22,GA,Georgia,1.9073479439964185,1.933882332237344,1.9733094764876158,2.012977571963551,2.040994590333883,2.0712182035855755,2.091379091567916,2.116748079125356,2.1472819337462137,2.175503559495313,2.2097362470015085,2.254028899632932,2.2981020447855256,2.3444347129221756,2.395052001904757,2.4452662279764548,2.4925923901083853,2.5345406804104966,2.582546738552593,2.6341649189506193,2.683246848525039,2.7393676426772156,2.783418630655893,2.812291211836191,2.8275258799621623,2.838948566836975,2.8493790988542287,2.858415319506302,2.868175194978891,2.880467795074012,2.895533088593147,2.9145080560917194,2.93578139911156,2.9541885605206892,2.974173232013511,2.9894011459732455,2.9974838888720834,2.9956762927063374,153905.0067,2935.503981,2976.341733,3037.022082,3098.073267,3141.192861,3187.708515,3218.737131,3257.781273,3304.774404,3348.208899,3400.894719,3469.063329,3536.894106,3608.202402,3686.104944,3763.387152,3836.224485,3900.785004,3974.668731,4054.111695,4129.651242,4216.023954,4283.82063,4328.256978,4351.703895,4369.283982,4385.337093,4399.244289,4414.265226,4433.184153,4456.370394,4485.573819,4518.314559,4546.644102,4577.401512,4600.838034,4613.27778,4610.495799
23,AL,Alabama,1.5856297776927029,1.5978555971858839,1.6129464645455167,1.631687629598339,1.645209309843777,1.6624836592173917,1.6768127168457416,1.69171430676037,1.706325600108206,1.721552156187826,1.7410877455843858,1.7629235269272205,1.7856324253098195,1.8106254536049582,1.8343646025178957,1.8576291690456992,1.8768081123518778,1.8946969753818277,1.9148887946453272,1.9368276633536672,1.9595432901573315,1.9880828261076102,2.0121762545628306,2.030644875474095,2.041637524538187,2.050151681812265,2.0577782244536036,2.0656530292597886,2.072910635670199,2.0810970359760654,2.088726780417773,2.098539317458891,2.1087802195928598,2.1181118700829,2.129969946562681,2.1385946620697918,2.1440188168283023,2.1449652902301444,135767.3652,2152.767771,2169.366444,2189.854917,2215.299303,2233.657332,2257.110261,2276.564445,2296.795941,2316.633309,2337.306003,2363.828958,2393.474823,2424.306096,2458.238472,2490.468489,2522.054178,2548.092924,2572.380162,2599.794063,2629.579887,2660.420295,2699.167671,2731.878684,2756.953044,2771.877474,2783.436921,2793.791277,2804.482692,2814.336153,2825.450613,2835.809316,2849.131539,2863.035342,2875.704678,2891.804076,2903.513625,2910.877857,2912.162859
24,UT,Utah,0.3041367540462811,0.3091520630867596,0.31730969046252333,0.3223470078181173,0.32623753109943354,0.32918077180210026,0.33248112269208363,0.336327080874836,0.3395441996487928,0.34427459985561615,0.35043667022599423,0.35661665586422814,0.3615653710257908,0.36743914761242996,0.37338300535425023,0.37834686888372115,0.3832559346964788,0.3883318372085902,0.39293966292912647,0.39822557969613454,0.4041239309385211,0.4105708323746564,0.41610438668697247,0.42103078655487514,0.423890995700831,0.4258797459686237,0.4276347791448388,0.43027294047695436,0.43222550411392385,0.4344779325792355,0.4371690047332777,0.44038691755840287,0.44366891113142637,0.44753427445123706,0.4515124421535259,0.45510968631954085,0.4568114607648123,0.4571792824568078,219885.0741,668.751327,679.779243,697.716648,708.792957,717.347637,723.819384,731.076363,739.533051,746.607015,757.008459,770.557932,784.146798,795.028284,807.943842,821.013498,831.928293,842.722596,853.883748,864.015669,875.638611,888.608205,902.783979,914.951439,925.783857,932.07303,936.445995,940.305051,946.105974,950.39937,955.352124,961.26939,968.3451,975.561714,984.061071,992.808468,1000.718271,1004.460219,1005.269004
25,OH,Ohio,3.4084507143794367,3.4176739322378733,3.433411889435341,3.4691999629700416,3.4961564208458205,3.5147996421719006,3.536173195026345,3.5548746884589617,3.5703456652986945,3.588067866406936,3.608386063891997,3.627758605166857,3.647444856114099,3.674727202121666,3.7071110822941837,3.727284711931062,3.7515976611590416,3.7701378810910104,3.79030682074193,3.8077516692590274,3.829021631564098,3.845500389485892,3.860948815632807,3.87500119962864,3.8830673165545324,3.889489620533934,3.8958000470300944,3.904007142608302,3.91248792406136,3.922935173990804,3.934314459791061,3.946895707596166,3.957727311565008,3.9687946396545803,3.9804754876759807,3.9920179074671815,3.99706917738592,4.000949850065412,116098.4286,3957.157719,3967.86573,3986.137251,4027.686642,4058.982666,4080.627153,4105.441512,4127.153652,4145.115213,4165.69041,4189.279518,4211.770734,4234.626162,4266.300537,4303.897713,4327.31898,4355.545932,4377.070836,4400.486658,4420.739853,4445.433945,4464.565524,4482.500904,4498.815501,4508.180136,4515.63633,4522.962636,4532.490945,4542.336999,4554.466092,4567.677264,4582.283895,4594.859217,4607.708211,4621.269492,4634.67006,4640.534505,4645.039905
26,TX,Texas,1.0024202589789077,1.0109408837104343,1.0215995902768151,1.0315964361745884,1.0383062345939864,1.0447680553567664,1.0505477739082714,1.057335217519174,1.0656802650448243,1.0757108925584826,1.0865501920830674,1.1025917297882235,1.1161044667026176,1.133677592907623,1.153060703213056,1.174775159004944,1.1924068752,1.2111001339115308,1.229094853699554,1.248853505038194,1.272203317315092,1.2990409352417587,1.3179071824255035,1.3396457195209333,1.354211243055038,1.3647482843141778,1.3799292446694476,1.3923350411398616,1.40548471624389,1.4197740887815664,1.4353446140945296,1.4510854899846855,1.468043077164648,1.4853650974981458,1.5008560085778084,1.5147570814159235,1.5235526112915458,1.5268493112146253,695668.3209,6973.520184,7032.795471,7106.944716,7176.489606,7223.167548,7268.120388,7308.328059,7355.546154,7413.600006,7483.379904,7558.785477,7670.381373,7764.385203,7886.635875,8021.478033,8172.538623,8295.196887,8425.239966,8550.423531,8687.878209,8850.315456,9037.016262,9168.262767,9319.490883,9420.818616,9494.121474,9599.730606,9686.033802,9777.511926,9876.918564,9985.237776,10094.742063,10212.710625,10333.214433,10440.979794,10537.685154,10598.872869,10621.806966
27,CO,Colorado,0.2977957664223416,0.3021156104365333,0.30659398999371035,0.30992075275857806,0.3123323684255724,0.3141966290391642,0.316023755261394,0.31872328597569005,0.3218310145842451,0.32525258287901926,0.3288152344875412,0.33272153277441363,0.33634990063863046,0.34074890727029394,0.34566674050259316,0.3507595533638046,0.3547839946967656,0.35949981203301495,0.36342764519571225,0.3671888175809244,0.3705837401806383,0.3744862128640856,0.37720165021042407,0.37932287053051394,0.3804247578165198,0.3811372514177725,0.3817625573137401,0.38253789963723034,0.38365976952542014,0.38487526655083815,0.3862927561047459,0.3881542259640066,0.3903946108263876,0.39233488611327155,0.3941906375967319,0.39569700399670404,0.39629598466700816,0.3962942788351144,269604.5265,802.870866,814.517361,826.591275,835.560378,842.062203,847.088334,852.014349,859.292406,867.670983,876.895686,886.500756,897.032313,906.814557,918.674478,931.933179,945.663633,956.513709,969.227766,979.817382,989.957673,999.110538,1009.631781,1016.952723,1022.671629,1025.642367,1027.563282,1029.249135,1031.339493,1034.364105,1037.64114,1041.462756,1046.481363,1052.521542,1057.752612,1062.755802,1066.817034,1068.431913,1068.427314
28,SC,South Carolina,2.1030347087273897,2.1363969281749258,2.168956108511424,2.1983925350013775,2.224176498067807,2.2585421881569525,2.280565371653565,2.306589882939891,2.3293565327521955,2.350203017901386,2.3740405131251188,2.403245625721011,2.434760111909612,2.4699530934226543,2.5146435736324473,2.5521521247429595,2.588358505696836,2.6187996398591222,2.6499333050545215,2.686724573666314,2.7256584228949907,2.766281741408081,2.8065566838565834,2.834820622244033,2.8507534151895375,2.862108055089405,2.8728912519021113,2.8833558047921684,2.8967211404720117,2.9108284992650355,2.927006473870075,2.9483538696529226,2.9735582512721694,2.9956461076030743,3.0163935868898357,3.0324218156705074,3.0382994043838134,3.0364632275961068,82940.5431,1744.268409,1771.939215,1798.943976,1823.358708,1844.744067,1873.247157,1891.513305,1913.098176,1931.980959,1949.271147,1969.042095,1993.264974,2019.40326,2048.59251,2085.659037,2116.768833,2146.798602,2172.046644,2197.869075,2228.383953,2260.675899,2294.3691,2327.773356,2351.21562,2364.430365,2373.847965,2382.791607,2391.470964,2402.556246,2414.256966,2427.675066,2445.380712,2466.285363,2484.605151,2501.813223,2515.107123,2519.982027,2518.459092
29,OK,Oklahoma,1.0144963653296797,1.0197910742344338,1.0257882170029025,1.032704185640717,1.0368007048469468,1.0415303476489595,1.046427966684162,1.050336326061749,1.0539366420135647,1.0587352520618127,1.0641451367151995,1.0728007970551556,1.0784170117444216,1.0863122029267436,1.0937442899626626,1.1017838684224055,1.1103429258986088,1.117187287514527,1.1243838578424232,1.1313914530437328,1.139590685732038,1.1528187357973174,1.160326590857447,1.169472906448732,1.1762824091061979,1.1813168192282175,1.1881176866873333,1.1949573503974134,1.2004669599091204,1.2063381988011272,1.2121558219106323,1.2182248302101018,1.2241851205172178,1.2310824914135081,1.2375486790664505,1.242768315933044,1.2470878141557369,1.249133063619185,181038.1113,1836.625059,1846.2105,1857.067614,1869.588153,1877.004414,1885.56687,1894.433427,1901.509047,1908.026991,1916.714304,1926.508257,1942.178301,1952.34579,1966.639095,1980.094005,1994.648706,2010.143862,2022.534765,2035.5633,2048.249718,2063.093454,2087.041266,2100.633345,2117.191662,2129.519457,2138.633658,2150.94582,2163.328218,2173.302711,2183.931891,2194.464006,2205.451224,2216.241621,2228.728491,2240.434755,2249.884287,2257.704225,2261.406906
30,TN,Tennessee,2.3101249147836644,2.3247547651780427,2.3527645493973974,2.3903953539771843,2.4153516442616265,2.4355913879232345,2.453873222045685,2.473387964937736,2.492515866990493,2.512653522612274,2.53683904283468,2.5678766278287264,2.5978578733889237,2.6320245718661694,2.667879455313581,2.7000937952939896,2.728725156033778,2.749877571885338,2.7730264823815194,2.798887724535538,2.828416795220449,2.863566523080805,2.89512879292494,2.9184915958868904,2.9314654210644586,2.9429418092729165,2.9535430298819616,2.965127568561311,2.976157877318369,2.988930116352816,3.0013409602620262,3.0160213144188566,3.0322415838032692,3.046883146649498,3.064903479663868,3.0791579047354034,3.0910447731402,3.097051009179494,109114.6428,2520.684549,2536.647858,2567.210634,2608.271352,2635.502319,2657.586843,2677.535001,2698.828443,2719.699785,2741.672916,2768.06286,2801.92941,2834.643339,2871.92421,2911.047138,2946.1977,2977.438707,3000.51909,3025.777941,3053.996343,3086.216883,3124.570383,3159.009441,3184.50168,3198.658023,3211.180443,3222.747927,3235.388355,3247.424037,3261.36042,3274.902468,3290.920884,3308.619573,3324.595662,3344.258484,3359.812149,3372.782463,3379.336146
31,WY,Wyoming,0.09983545884312796,0.10040175341457362,0.10127759383516007,0.1025812291843304,0.10356236542923289,0.10411308483049835,0.1046021181734063,0.10522205897425922,0.10570513794097601,0.10629569055575895,0.1069257566383212,0.10743704783733753,0.10790516980896789,0.1083138865751732,0.10866316260864917,0.10911854804170834,0.10952013092522159,0.1100430786327601,0.11059827447436023,0.11104684577046556,0.11157305133180316,0.11226843081048615,0.11301998961536898,0.11369444351185269,0.11425009410294712,0.11458345745685253,0.1148701876712083,0.11520324549029722,0.1155408685679814,0.11578005259106847,0.1160018353405372,0.11627482359361169,0.1163804036363617,0.11649054183224611,0.11661722864644702,0.11669588965077192,0.11648417533932573,0.11624011697009648,253326.285,252.909459,254.344032,256.562766,259.865217,262.350693,263.74581,264.98466,266.555133,267.778899,269.274924,270.871047,272.166282,273.352158,274.387545,275.272353,276.425964,277.443279,278.768043,280.1745,281.310849,282.643866,284.405445,286.309341,288.01791,289.425519,290.270016,290.996379,291.840102,292.69539,293.301306,293.86314,294.554691,294.822153,295.101162,295.422093,295.621362,295.085034,294.46677
33,ND,North Dakota,0.31487497883373294,0.31597261913367425,0.31821597433401233,0.3282734206062227,0.32923013513740207,0.32972494324520873,0.33021087468105725,0.3306411376857884,0.3308640129293888,0.33127427147405925,0.33190807371603226,0.33262328477176106,0.3335146530384423,0.3343471728038196,0.33501969620951705,0.335978578300128,0.3368002406079441,0.3377508849896947,0.3386990423304647,0.3396129020981872,0.34037620741477453,0.34131164447479834,0.3424062619877771,0.3437378070174063,0.3446946837469105,0.3455953857899198,0.3467430372400128,0.35069361828086004,0.3529353760734537,0.3550499605491895,0.3574803205878398,0.3593870012168659,0.3606404649559485,0.36162214328384734,0.36232831055419246,0.3635283078272945,0.36378999270643286,0.3638948367205742,183109.1661,576.564948,578.574828,582.682617,601.098723,602.850555,603.756594,604.646379,605.43423,605.842335,606.593556,607.754106,609.063723,610.6959,612.22032,613.451772,615.207573,616.712112,618.452829,620.188992,621.862353,623.260035,624.972906,626.977251,629.415432,631.167561,632.816829,634.918284,642.15216,646.257024,650.129022,654.579234,658.070541,660.365748,662.163291,663.456348,665.653653,666.132822,666.324801
34,KY,Kentucky,1.750374651784713,1.757215220267454,1.7698617648090826,1.7920303677442393,1.8068032013446322,1.8195881031976293,1.83159306816798,1.8465530212599668,1.8572510651999368,1.8712459399249939,1.8861460969959745,1.9006785253078295,1.9180092577622168,1.938248787567519,1.9614551133380989,1.9793275187945096,1.9942431817227997,2.0056654773396043,2.020442937757098,2.0353591252873273,2.052150033746525,2.0693191372035313,2.084425187635494,2.099256690652729,2.1076274971912294,2.1156130223057303,2.1227928104422276,2.129119647426217,2.13532272995281,2.143045764897147,2.150416834940622,2.1595691521675864,2.1694390904468785,2.1776590782279532,2.1865101793416226,2.1947116684543264,2.200442764036456,2.2029300136293304,104650.776,1831.780656,1838.939364,1852.174071,1875.373686,1890.833571,1904.21307,1916.776359,1932.432066,1943.627652,1958.273397,1973.866527,1989.074826,2007.211572,2028.392397,2052.677997,2071.381608,2086.990965,2098.944486,2114.409213,2130.019119,2147.590935,2165.558535,2181.367134,2196.888417,2205.648531,2214.005445,2221.519149,2228.140233,2234.631807,2242.714023,2250.427905,2260.005876,2270.334843,2278.937124,2288.19987,2296.782792,2302.780428,2305.383354
38,ME,Maine,0.7432775111184167,0.7455545804653438,0.7505812915868524,0.756790597652228,0.7620334948218526,0.7670463376638674,0.7725887680627588,0.777519943239057,0.7816107124640994,0.7851875205010149,0.7891471500179822,0.7918362703065569,0.7957800377333099,0.8000871992627497,0.8052298657013297,0.8104376600162013,0.8152956240343217,0.8206754851965398,0.8255905723828869,0.8303036953828088,0.8348631181661585,0.8402719141381423,0.8453037620232312,0.8495974284988291,0.8528057940650267,0.8552820873363544,0.8573808039302154,0.8599205848493113,0.8619914470234522,0.8646694884031964,0.8674226856432006,0.8707759511579627,0.8732798827710013,0.8756782308114059,0.8773998618141845,0.8788133164673316,0.8799647863561587,0.8806026879259665,91633.5729,681.09174,683.1783,687.784455,693.474264,698.278518,702.871965,707.950692,712.469304,716.217822,719.495379,723.123729,725.587866,729.201681,733.148487,737.860896,742.632984,747.08451,752.014269,756.518139,760.836942,765.014904,769.971177,774.582039,778.516479,781.456419,783.725535,785.648664,787.975956,789.873561,792.327546,794.850399,797.923116,800.217558,802.41525,803.992842,805.288041,806.343174,806.927706
39,NY,New York,2.7920380823537005,2.7994599101621747,2.812262471575057,2.8290769185616753,2.845679316964717,2.8561207336726855,2.8663263257071336,2.87503529153881,2.8832586531846918,2.8903458769521295,2.897193811220725,2.9043169634433923,2.9123862104232234,2.921426162610673,2.9319248381047625,2.940695877810693,2.952046257048563,2.9614625949941735,2.9700665142007647,2.9784316916566347,2.989169140747268,2.9977788240474568,3.0064288496336635,3.0134175615384824,3.0187509531454224,3.02359416113751,3.0278791055186565,3.0319305754478703,3.0365115076275324,3.0409521334891214,3.0456546084291354,3.0505947551002865,3.0547941934521017,3.058896228175868,3.063494567281277,3.0681252681099664,3.0699174617464178,3.0711467168054067,141305.8248,3945.312441,3955.799916,3973.890681,3997.650474,4021.11063,4035.86496,4050.286056,4062.592332,4074.212421,4084.227081,4093.903611,4103.96904,4115.371356,4128.145335,4142.980575,4155.374565,4171.413312,4184.719146,4196.876985,4208.697468,4223.870109,4236.036093,4248.259083,4258.13454,4265.670933,4272.514668,4278.569544,4284.294507,4290.767631,4297.042494,4303.687365,4310.66808,4316.602131,4322.398545,4328.896266,4335.439716,4337.97219,4339.709199
40,NV,Nevada,0.1584693159027848,0.16119890821084595,0.16547134539962388,0.16922449357512467,0.17471203801632038,0.18053964579879564,0.18580148701336074,0.1911408243412328,0.19658607103357414,0.20221928642022619,0.2093128159510867,0.21786662191362235,0.22570541710025738,0.23422286503794004,0.24156145375316906,0.24768529348504703,0.2545173148815797,0.2616550309306727,0.2696923888907764,0.2786232573325115,0.28851487456011593,0.29763807063647374,0.30377531717395484,0.30740502594240454,0.3093755340939325,0.31069611387397494,0.3116768785869156,0.31270447912355614,0.31365588148657886,0.3150690015380208,0.31685398602448306,0.3192384615117968,0.32169531677872754,0.32394271035005356,0.32663471583321707,0.32883777203617726,0.3298400391785452,0.32981159450027187,286376.9427,453.819582,461.636505,473.87178,484.619931,500.334993,517.023918,532.092618,547.383249,562.97718,579.10941,599.423643,623.919771,646.368273,670.76028,691.776306,709.313571,728.878905,749.319678,772.336818,797.912766,826.240077,852.366807,869.942466,880.337115,885.980196,889.762032,892.570716,895.513527,898.238124,902.284974,907.396758,914.225346,921.261213,927.69723,935.406513,941.715558,944.58582,944.504361
43,MI,Michigan,1.3860267269630264,1.3914307123115421,1.4016482463414062,1.4172427606142335,1.4287659354465445,1.4372587644807782,1.4443524947827435,1.4510125732480252,1.4577636843575714,1.4653820739893757,1.473137411412313,1.4823234481400758,1.4929907235306616,1.5072481329630791,1.519582589168893,1.5298455101723265,1.5399681418800817,1.5478460514385748,1.5578484177268153,1.5653331292117194,1.5731231068984455,1.5794453951843286,1.584538153518075,1.588056790141679,1.5904992934298812,1.592070803017653,1.5935863693519043,1.5955577492433088,1.597415180236695,1.5997597451045718,1.6025435776925783,1.605956985667123,1.6094311730942397,1.6130383631813165,1.6162050279927893,1.6190086149807867,1.62056832151218,1.6210297150226234,250485.9678,3471.802461,3485.338686,3510.932175,3549.994245,3578.858181,3600.131526,3617.900325,3634.582887,3651.493473,3670.57647,3690.002502,3713.012235,3739.732263,3775.445073,3806.341155,3832.048332,3857.404104,3877.137162,3902.191686,3920.939838,3940.452639,3956.289084,3969.045729,3977.85942,3983.977548,3987.913959,3991.71024,3996.64827,4001.300874,4007.17368,4014.14679,4022.696898,4031.39925,4040.434755,4048.366806,4055.389398,4059.296244,4060.45197
44,AR,Arkansas,1.1363594362649792,1.1498000132495805,1.164251324706544,1.1758296902975278,1.1835649525530598,1.192773358587401,1.2007795174082725,1.2104074564697662,1.219447329462963,1.2313019086959691,1.2431433128139027,1.2585089981594162,1.271695152371545,1.2849701291988234,1.2996846947398997,1.3128787135224533,1.3260453173531186,1.336469609490504,1.349244617808724,1.363143247232269,1.3797115847774368,1.3996629221600485,1.4128908226093755,1.4255822861969172,1.43467652531939,1.4444232821018408,1.4538623669605686,1.4616687500157586,1.4672573372751467,1.473750408921736,1.4810454773226613,1.4893462244006763,1.498334990750181,1.5079385195959947,1.5149592359849402,1.5218075523678818,1.5272741669332937,1.5292834928245136,137782.4778,1565.704188,1584.222948,1604.134323,1620.087282,1630.745118,1643.432688,1654.463772,1667.729385,1680.184746,1696.518279,1712.833659,1734.004881,1752.173091,1770.463683,1790.737776,1808.916822,1827.058095,1841.420943,1859.022666,1878.172542,1901.000808,1928.490255,1946.715984,1964.202597,1976.732865,1990.162188,2003.167593,2013.923421,2021.623515,2030.56983,2040.621156,2052.058131,2064.443076,2077.675056,2087.348373,2096.784153,2104.31619,2107.084689
45,MS,Mississippi,1.0618284276176264,1.0697474391562016,1.0784474921532656,1.0875568875818928,1.093995100704071,1.1040071414998218,1.1132021331664388,1.1241811868967635,1.1350138783061403,1.148576939765107,1.1625241404384674,1.180082876758485,1.1950246682675862,1.213393975349216,1.2329357808610615,1.2495867278610058,1.2614489057646256,1.2759362860661139,1.289744571312754,1.3051344965415597,1.3216218916650937,1.344608875806875,1.3602668461822545,1.3743781870223204,1.382358847079297,1.3887372339481352,1.394537697344401,1.4009098138996023,1.4062295006390373,1.4123262327675155,1.4186077454429438,1.4250373207417593,1.4319178062035025,1.4381562588990116,1.4454137380003398,1.4505701741827841,1.4544070034897882,1.455071455855697,125448.2703,1332.045396,1341.979659,1352.893725,1364.321304,1372.397931,1384.957863,1396.492821,1410.265854,1423.855278,1440.869904,1458.366426,1480.393557,1499.137776,1522.181754,1546.696611,1567.584936,1582.465833,1600.640001,1617.962256,1637.268651,1657.951803,1686.788577,1706.43123,1724.133663,1734.145263,1742.146839,1749.42342,1757.41713,1764.090585,1771.73883,1779.618879,1787.68467,1796.31612,1804.142151,1813.246533,1819.715193,1824.528429,1825.361973
46,MO,Missouri,1.5690181847707794,1.5784221355515433,1.5927020996576151,1.6095132509109773,1.6211446350154515,1.6299781120576982,1.638455746528025,1.6477609435424372,1.6557107463599292,1.666922728552706,1.6799510472445596,1.6950116047888826,1.707550023044872,1.720018780264465,1.735394856341535,1.7494667147065606,1.7628190364798906,1.7755675245851514,1.7882989488770744,1.802033234864712,1.818203902389923,1.8353805223395274,1.8483726047301392,1.8581654489395072,1.8656533772511923,1.8716832991738024,1.8771571491565324,1.8838087213025343,1.8886921673318113,1.8940984499975733,1.899327374687602,1.906204046597341,1.9145420200117305,1.9224022614881688,1.929247986230744,1.9374051669725292,1.9441621130263127,1.9479100901443918,180539.9496,2832.70464,2849.682528,2875.463568,2905.814412,2926.813707,2942.761662,2958.067179,2974.866777,2989.219347,3009.461454,3032.982774,3060.173097,3082.809951,3105.321039,3133.080999,3158.486325,3182.5926,3205.608714,3228.594021,3253.389894,3282.584409,3313.59507,3337.050969,3354.730965,3368.249667,3379.136085,3389.018571,3401.027316,3409.843887,3419.604387,3429.044685,3441.459825,3456.513198,3470.704074,3483.063342,3497.790312,3509.989299,3516.755895
47,MT,Montana,0.17895124408515423,0.18033747752442372,0.18151386636836597,0.18502079760173176,0.18783016812792366,0.18855142222465748,0.18921327506067137,0.19004982706117918,0.19075628519621,0.19166892261166604,0.19251332278160618,0.19331894292734148,0.19420920797904692,0.19507512976266375,0.1957500746970381,0.19661664872237827,0.19730348052584162,0.19798435235239792,0.19876244128046186,0.19937540198236398,0.20003038737472523,0.20091686895179617,0.20178457731056834,0.20238643099761586,0.20273560954950132,0.20292153625177692,0.20308856684963195,0.203430755071743,0.2036497783150905,0.2037941978665353,0.20402534429843677,0.20422641907841826,0.2044844515758517,0.20466251356633247,0.20490543107078507,0.20512680096641994,0.2051438774109601,0.20511681883221877,380840.4018,681.518637,686.797974,691.278138,704.633949,715.333167,718.079994,720.600597,723.786525,726.477003,729.952695,733.168512,736.236639,739.627128,742.924908,745.495371,748.795635,751.411368,754.004403,756.96768,759.302082,761.796531,765.172611,768.477195,770.769297,772.09911,772.807194,773.443314,774.746505,775.580634,776.130642,777.010941,777.776715,778.759407,779.437539,780.362667,781.205733,781.270767,781.167717
48,KS,Kansas,0.7270786381610707,0.7305025743643067,0.7355674603392476,0.7425302257103629,0.746349719926226,0.7490676750983732,0.7515783803234184,0.7537360527990695,0.7551969385527052,0.7576492723741209,0.7608584747920933,0.7654986487279798,0.7695722597939243,0.7739380699721975,0.7777393402819278,0.7818542307125401,0.7852927587108371,0.7889063544627876,0.7926859419140971,0.7953955896880144,0.7991037723696864,0.8038078165564294,0.8065283606635615,0.8098094619872124,0.8126638958445693,0.8150997795815386,0.8175723054064818,0.8206994347843898,0.8226482862137311,0.8246992337512655,0.8269784890333474,0.8292777082561686,0.8320513614292612,0.8342536201800091,0.8362655563106028,0.8385720819894171,0.8406922634767158,0.8413218054632863,213099.21,1549.398834,1556.695215,1567.488447,1582.326045,1590.465357,1596.257298,1601.607591,1606.205574,1609.31871,1614.544614,1621.383399,1631.271573,1639.952406,1649.255913,1657.35639,1666.125189,1673.452665,1681.153209,1689.20748,1694.981718,1702.883826,1712.908107,1718.705565,1725.697566,1731.780342,1736.971191,1742.240124,1748.904012,1753.056999,1757.427552,1762.284627,1767.184245,1773.094878,1777.787874,1782.075294,1786.990482,1791.508572,1792.850121
49,IN,Indiana,2.7694908383164316,2.776325355366731,2.79394677860445,2.8223760980336228,2.8476388654540266,2.8635947509533635,2.8802061065741693,2.893639527879472,2.904339220600124,2.920082525063138,2.934569825848322,2.9510428859652675,2.9686319368922174,2.987281879868578,3.009755304734548,3.027447311631291,3.0420647695233156,3.0547822313318838,3.0721831259544787,3.0871578718788277,3.1035969281892366,3.122567359904484,3.139431578287539,3.1550518336223514,3.163959237602981,3.1727067454574174,3.1805469031419604,3.1921382512340335,3.200750717035234,3.2083933969454486,3.218772286077154,3.2295940261303606,3.2411050969979094,3.2513822895600635,3.262209343900656,3.2747435629739954,3.2836335261694543,3.289047659187594,94330.6155,2612.477754,2618.924796,2635.547193,2662.364745,2686.195269,2701.246554,2716.916148,2729.587977,2739.681063,2754.531819,2768.197779,2783.736918,2800.328778,2817.921384,2839.120704,2855.809683,2869.598421,2881.594881,2898.009252,2912.135022,2927.642085,2945.53701,2961.445131,2976.179814,2984.582223,2992.833801,3000.22947,3011.16366,3019.287852,3026.497239,3036.287709,3046.495923,3057.354387,3067.048926,3077.262153,3089.085759,3097.471716,3102.578901
51,SD,South Dakota,0.327137970377113,0.3301219073003943,0.33451082011318556,0.33927222993331607,0.34107402226824196,0.3423714419844236,0.34353015483700017,0.3448414127956005,0.3458192056113455,0.34704760985345223,0.34817094529110565,0.34939913774636966,0.35062939850292657,0.3518333255933504,0.3530055297184119,0.3546707240459528,0.355879287916399,0.35730855170126435,0.3590026391614618,0.3603385725402785,0.361893840484295,0.36329876680667156,0.3646381022932793,0.3660747741115332,0.3670833796598276,0.3676450834274786,0.3685130309695539,0.37007132250870656,0.3706789659967933,0.3715823315087191,0.3728365286845947,0.3738163852955295,0.37483309281707977,0.37567446786956127,0.3760996682579909,0.3768187251436034,0.3776877451382009,0.3778887128274325,199729.1214,653.389794,659.349585,668.115522,677.625444,681.224148,683.815473,686.12976,688.748724,690.701661,693.155142,695.39877,697.851828,700.309017,702.71361,705.054843,708.380721,710.794575,713.649231,717.032817,719.701065,722.807388,725.613435,728.288478,731.15793,733.172409,734.294295,736.027839,739.140201,740.353842,742.158126,744.663123,746.620182,748.650843,750.331314,751.180563,752.616729,754.352415,754.753806
52,MA,Massachusetts,5.154624352346106,5.174544102955856,5.217766355534668,5.27745346930715,5.310262390904771,5.332577447661387,5.351165261736032,5.37117486390074,5.395100696627765,5.414036228647415,5.43581671968534,5.452494537953935,5.47243012535296,5.493222413909929,5.5316837522904905,5.5625493253429,5.590241186069498,5.620355318286868,5.652626579242321,5.679395296730397,5.708330888673034,5.738342065297749,5.760107443890189,5.776793921359574,5.787537256787578,5.798935925799275,5.809202346689508,5.82075085609205,5.833625770677101,5.845485682060881,5.859666588503386,5.875588554024754,5.889476134156109,5.901774207684774,5.911177572946523,5.920784511738616,5.9276762149006865,5.93023469594912,27335.0862,1409.02101,1414.466091,1426.280931,1442.596455,1451.564802,1457.664642,1462.745637,1468.215279,1474.755426,1479.93147,1485.885186,1490.444082,1495.893492,1501.577082,1512.090522,1520.527653,1528.097247,1536.328971,1545.150348,1552.4676,1560.377169,1568.58075,1574.530335,1579.091598,1582.028298,1585.144134,1587.950469,1591.107264,1594.626633,1597.86855,1601.744913,1606.097196,1609.893378,1613.255067,1615.825485,1618.45155,1620.335403,1621.034766
53,VA,Virginia,2.144381401502259,2.161703168571623,2.1916601745016298,2.228754027563878,2.259206541817958,2.284609184879424,2.3039260482401627,2.321329109707411,2.33918424179058,2.3595903785939494,2.380784576320236,2.401035135126814,2.4233150318443406,2.4471176773494316,2.4782274113580125,2.504272107126828,2.5349357414780633,2.562422354690488,2.5894067006162103,2.6168759696156356,2.6475565988584844,2.677145460666481,2.7042116127865374,2.7263524064786835,2.7391884563937197,2.7483033968019694,2.7582366184948954,2.767208174659848,2.777249588497376,2.788627798412607,2.799622908376258,2.810083329154339,2.8224536605481454,2.8338571678307205,2.8448963166602588,2.855100871708772,2.8603356151520765,2.861377267153676,110786.2317,2375.679348,2394.869481,2428.057719,2469.152601,2502.889794,2531.032425,2552.43285,2571.713046,2591.494074,2614.101264,2637.581517,2660.016348,2684.699406,2711.06946,2745.534762,2774.388699,2808.359784,2838.811167,2868.706107,2899.138275,2933.128188,2965.908573,2995.894143,3020.423094,3034.64367,3044.741769,3055.746411,3065.68566,3076.810164,3089.415654,3101.596722,3113.185428,3126.890052,3139.523568,3151.753425,3163.058667,3168.858042,3170.012049
54,DC,District of Columbia,41.568645894771095,41.603296792694586,41.57640484858345,41.60491874961866,41.63368179137262,41.683474343590476,41.6994040960768,41.70766641583111,41.722899591205845,41.747050987410766,41.76870589192377,41.8066464642356,41.83421973194493,41.85495942565438,41.907202709023984,41.91814964713539,41.980328052228025,42.07019158412821,42.133895340560116,42.20204803839818,42.2589894038927,42.32547438426651,42.41725477434969,42.48357705058065,42.54816551078932,42.597012345176836,42.696261872317926,42.80903618133377,42.90808741280075,42.97565539262544,43.050651833472315,43.11445727999349,43.15766031442576,43.1908417905591,43.235183753991336,43.241229229799266,43.27700380320934,43.26315361304887,177.0084,73.579995,73.64133,73.593729,73.644201,73.695114,73.783251,73.811448,73.826073,73.853037,73.895787,73.934118,74.001276,74.050083,74.086794,74.179269,74.198646,74.308707,74.467773,74.580534,74.70117,74.801961,74.919645,75.082104,75.1995,75.313827,75.40029,75.57597,75.77559,75.950919,76.07052,76.20327,76.316211,76.392684,76.451418,76.529907,76.540608,76.603932,76.579416
55,IA,Iowa,1.6233383012547014,1.6259172685386019,1.6324833019406668,1.6400861044344632,1.6441534226826395,1.6476788784995784,1.6515464556430035,1.6559712157420248,1.6585545179747758,1.6624507230710122,1.6681813957741174,1.6753753977709236,1.6833398288610362,1.6900836877931056,1.6973221322783456,1.7047757001441035,1.7110212869639374,1.717796466210213,1.7243527305395117,1.7302383869267524,1.7388406112606396,1.7464867879435093,1.755189982004837,1.7626376279105547,1.767872486207468,1.7727303274571578,1.7774786464093806,1.7828775720225662,1.7873562966771557,1.791722819023166,1.7963679575475373,1.8008476825749389,1.806132658314694,1.8115820533537477,1.8163304958087867,1.822661268696142,1.826731606588176,1.8288697243942644,145745.6643,2365.945191,2369.703924,2379.273633,2390.354388,2396.282328,2401.420527,2407.057353,2413.506249,2417.2713,2422.94985,2431.302057,2441.787003,2453.394816,2463.223698,2473.773417,2484.636669,2493.739341,2503.613871,2513.169342,2521.747431,2534.2848,2545.428771,2558.113299,2568.96792,2576.597499,2583.677592,2590.598061,2598.466761,2604.994308,2611.358325,2618.128413,2624.657418,2632.360041,2640.302298,2647.222947,2656.449774,2662.382115,2665.498329
56,AZ,Arizona,0.3992328614988665,0.40671831712557766,0.41657212941907046,0.42392251804376857,0.42997250760789546,0.4349873483024256,0.4421168769994673,0.4490775727061358,0.4568745284163291,0.46635685081783934,0.47451837616057324,0.4851648752116868,0.4949705566434759,0.5059750830906711,0.5186541720884511,0.5300344960604884,0.5421692167202833,0.5540807727316561,0.5659300768937768,0.5795761608756553,0.5966812344123442,0.6145122187758991,0.6261517628626222,0.6363840767647124,0.6410751194345323,0.6440533460667734,0.6463319131294406,0.6487689907161945,0.6517380655339667,0.655615520433508,0.6596254297084799,0.6635350196101253,0.667520668345609,0.672402353493047,0.6769945827843261,0.6798695054908205,0.6816903537900023,0.6816331839110101,295220.1456,1178.615835,1200.714408,1229.804847,1251.504675,1269.365463,1284.170283,1305.218088,1325.767464,1348.785648,1376.779374,1400.873841,1432.304451,1461.252798,1493.740377,1531.171602,1564.768611,1600.592751,1635.758064,1670.739597,1711.025586,1761.523209,1814.163867,1848.526146,1878.733998,1892.582901,1901.375226,1908.102015,1915.296759,1924.062066,1935.509094,1947.347154,1958.889051,1970.655489,1985.067207,1998.624393,2007.111744,2012.487255,2012.318478
